﻿"Worksheet 1: AI awareness, use and impact",,,,,,,,,,,,,,,,,,,,,,,,,,,,,,,,,,,,,,,,
"Great Britain, 4 to 14 May 2023",,,,,,,,,,,,,,,,,,,,,,,,,,,,,,,,,,,,,,,,
Source: Opinions and Lifestyle Survey from the Office for National Statistics,,,,,,,,,,,,,,,,,,,,,,,,,,,,,,,,,,,,,,,,
Published date: 16 June 2023,,,,,,,,,,,,,,,,,,,,,,,,,,,,,,,,,,,,,,,,
This worksheet contains three tables. Tables 1a and 1b are presented next to each other horizontally with a blank column in between. Tables 1a and 1c are presented vertically with a blank row in between.,,,,,,,,,,,,,,,,,,,,,,,,,,,,,,,,,,,,,,,,
Table 1a contains percentage estimates. Table 1b contains the associated confidence intervals. Table 1c contains the rounded weighted counts and sample sizes for the survey question.,,,,,,,,,,,,,,,,,,,,,,,,,,,,,,,,,,,,,,,,
Some cells refer to notes which can be found in the Notes worksheet.,,,,,,,,,,,,,,,,,,,,,,,,,,,,,,,,,,,,,,,,
"Some cells in these tables are empty because the survey questions are listed and do not have corresponding data. Data are listed against the appropriate response option, weighted count or sample size.",,,,,,,,,,,,,,,,,,,,,,,,,,,,,,,,,,,,,,,,
Some shorthand is used in this table. [c] indicates that data have been suppressed for confidentiality purposes. ,,,,,,,,,,,,,,,,,,,,,,,,,,,,,,,,,,,,,,,,
LCL = lower confidence interval. UCL = upper confidence interval.,,,,,,,,,,,,,,,,,,,,,,,,,,,,,,,,,,,,,,,,
"Freeze panes are turned on. To turn off freeze panes select the ‘View’ ribbon then ‘Freeze Panes’ then ‘Unfreeze Panes’ or use [Alt W, F].",,,,,,,,,,,,,,,,,,,,,,,,,,,,,,,,,,,,,,,,
Return to table of contents,,,,,,,,,,,,,,,,,,,,,,,,,,,,,,,,,,,,,,,,
Table 1a: Estimates,,,,,,,,,Table 1b: Associated confidence intervals,,,,,,,,,,,,,,,,,,,,,,,,,,,,,,,
Survey question and response options,"All 
persons
%","Aged 
16 to 29 
%","Aged
30 to 49
%","Aged
50 to 69
%","Aged
70 and over
%","Men
%","Women
%",,"All
persons
LCL","All
persons
UCL","Aged
16 to 29
LCL","Aged
16 to 29
UCL","Aged
30 to 49
LCL","Aged
30 to 49
UCL","Aged
50 to 69
LCL","Aged
50 to 69
UCL","Aged
70 and over
LCL","Aged
70 and over
UCL","Men
LCL","Men
UCL","Women
LCL","Women
UCL",,,,,,,,,,,,,,,,,,
Have you ever heard of the term Artificial Intelligence (AI)?,,,,,,,,,,,,,,,,,,,,,,,,,,,,,,,,,,,,,,,,
I have never heard of AI,9,7,11,8,13,7,12,,8,11,2,12,6,15,5,10,10,16,4,9,9,15,,,,,,,,,,,,,,,,,,
I have heard of AI but could not explain what it is,19,15,13,22,30,14,23,,17,21,9,21,9,18,18,25,26,34,11,18,20,27,,,,,,,,,,,,,,,,,,
I have heard of AI and could give a partial explanation of what it is,53,51,53,57,49,53,53,,50,56,42,60,46,59,52,62,44,53,48,58,49,57,,,,,,,,,,,,,,,,,,
I have heard of AI and could explain what it is in detail,19,27,23,14,8,26,11,,16,21,19,35,18,28,10,17,6,11,22,30,9,14,,,,,,,,,,,,,,,,,,
"Overall, what impact do you think Artificial Intelligence (AI) will have on the UK, where 0 is ‘very negative impact’ and 10 is ‘very positive impact’? [note 1] [note 2]",,,,,,,,,,,,,,,,,,,,,,,,,,,,,,,,,,,,,,,,
0,6,[x],[x],[x],[x],[x],[x],,5,8,[x],[x],[x],[x],[x],[x],[x],[x],[x],[x],[x],[x],,,,,,,,,,,,,,,,,,
1,2,[x],[x],[x],[x],[x],[x],,1,3,[x],[x],[x],[x],[x],[x],[x],[x],[x],[x],[x],[x],,,,,,,,,,,,,,,,,,
2,6,[x],[x],[x],[x],[x],[x],,4,7,[x],[x],[x],[x],[x],[x],[x],[x],[x],[x],[x],[x],,,,,,,,,,,,,,,,,,
3,6,[x],[x],[x],[x],[x],[x],,5,8,[x],[x],[x],[x],[x],[x],[x],[x],[x],[x],[x],[x],,,,,,,,,,,,,,,,,,
4,7,[x],[x],[x],[x],[x],[x],,5,8,[x],[x],[x],[x],[x],[x],[x],[x],[x],[x],[x],[x],,,,,,,,,,,,,,,,,,
5,32,[x],[x],[x],[x],[x],[x],,29,35,[x],[x],[x],[x],[x],[x],[x],[x],[x],[x],[x],[x],,,,,,,,,,,,,,,,,,
6,12,[x],[x],[x],[x],[x],[x],,10,14,[x],[x],[x],[x],[x],[x],[x],[x],[x],[x],[x],[x],,,,,,,,,,,,,,,,,,
7,11,[x],[x],[x],[x],[x],[x],,9,13,[x],[x],[x],[x],[x],[x],[x],[x],[x],[x],[x],[x],,,,,,,,,,,,,,,,,,
8,11,[x],[x],[x],[x],[x],[x],,9,13,[x],[x],[x],[x],[x],[x],[x],[x],[x],[x],[x],[x],,,,,,,,,,,,,,,,,,
9,2,[x],[x],[x],[x],[x],[x],,1,3,[x],[x],[x],[x],[x],[x],[x],[x],[x],[x],[x],[x],,,,,,,,,,,,,,,,,,
10,5,[x],[x],[x],[x],[x],[x],,3,6,[x],[x],[x],[x],[x],[x],[x],[x],[x],[x],[x],[x],,,,,,,,,,,,,,,,,,
Negative Impact (0 to 3),21,21,19,22,21,20,21,,18,23,14,28,14,24,18,26,18,25,16,24,18,25,,,,,,,,,,,,,,,,,,
Moderate Impact (4 to 7),62,60,62,65,57,59,64,,58,65,51,68,55,68,60,70,53,62,54,64,60,68,,,,,,,,,,,,,,,,,,
Positive Impact (8 to 10),18,20,20,13,21,21,14,,15,20,13,27,14,25,9,16,18,25,17,25,11,17,,,,,,,,,,,,,,,,,,
"In the past month, to what extent have you chosen to use Artificial Intelligence (AI) in your day-to-day life? [note 1]",,,,,,,,,,,,,,,,,,,,,,,,,,,,,,,,,,,,,,,,
A lot ,5,5,7,4,2,4,6,,4,6,2,9,4,10,2,6,1,4,3,6,4,8,,,,,,,,,,,,,,,,,,
A little ,45,45,52,45,30,47,43,,42,48,36,54,46,58,40,49,26,34,42,51,39,47,,,,,,,,,,,,,,,,,,
Not at all ,50,49,41,51,68,49,52,,47,53,40,58,34,47,47,56,64,72,44,54,47,56,,,,,,,,,,,,,,,,,,
"In the past month, have you used Artificial Intelligence (AI) chatbots? [note 1]",,,,,,,,,,,,,,,,,,,,,,,,,,,,,,,,,,,,,,,,
Yes ,34,42,43,32,9,35,33,,31,37,33,51,37,49,28,37,7,12,31,40,29,37,,,,,,,,,,,,,,,,,,
No,66,58,57,68,91,65,67,,63,69,49,67,51,63,63,72,88,93,60,69,63,71,,,,,,,,,,,,,,,,,,
Among those who reported using Artificial Intelligence (AI) chatbots in the past month: ,,,,,,,,,,,,,,,,,,,,,,,,,,,,,,,,,,,,,,,,
"In the past month, what have you used Artificial Intelligence (AI) chatbots for? [note 1]",,,,,,,,,,,,,,,,,,,,,,,,,,,,,,,,,,,,,,,,
To try it out,33,58,32,15,15,40,25,,27,38,45,71,23,41,8,22,1,28,32,49,18,32,,,,,,,,,,,,,,,,,,
Advice,19,16,20,19,28,19,20,,15,23,6,25,13,27,12,26,16,41,12,25,14,26,,,,,,,,,,,,,,,,,,
Entertainment,19,29,22,8,7,22,16,,14,24,16,42,14,29,2,14,1,13,14,29,10,23,,,,,,,,,,,,,,,,,,
"Personal task [For example, writing a letter]",13,15,18,4,10,16,10,,9,17,5,25,11,25,1,8,0,24,10,22,5,14,,,,,,,,,,,,,,,,,,
Learn something new,15,16,18,10,10,16,14,,11,19,7,26,11,25,4,17,3,17,9,22,8,20,,,,,,,,,,,,,,,,,,
Work,18,12,24,20,[c],20,17,,14,23,3,20,16,33,11,28,[c],[c],13,27,10,23,,,,,,,,,,,,,,,,,,
Customer service,50,26,50,69,63,45,55,,44,56,14,38,40,59,61,78,48,78,37,53,47,63,,,,,,,,,,,,,,,,,,
Other,5,3,6,3,7,3,6,,2,7,0,7,2,11,0,6,0,16,1,6,2,10,,,,,,,,,,,,,,,,,,
,,,,,,,,,,,,,,,,,,,,,,,,,,,,,,,,,,,,,,,,
Table 1c: Associated weighted counts and sample sizes,,,,,,,,,,,,,,,,,,,,,,,,,,,,,,,,,,,,,,,,
Survey question,"All
persons","Aged
16 to 29","Aged
30 to 49","Aged
50 to 69","Aged
70 and over",Men,Women,,,,,,,,,,,,,,,,,,,,,,,,,,,,,,,,,
Have you ever heard of the term Artificial Intelligence (AI)?,,,,,,,,,,,,,,,,,,,,,,,,,,,,,,,,,,,,,,,,
Weighted count,"52,058,071","10,786,936","16,282,454","16,121,657","8,867,024","25,649,824","26,408,247",,,,,,,,,,,,,,,,,,,,,,,,,,,,,,,,,
Sample size,"2,040",160,340,730,810,960,"1,080",,,,,,,,,,,,,,,,,,,,,,,,,,,,,,,,,
"Overall, what impact do you think Artificial Intelligence (AI) will have on the UK, where 0 is ‘very negative impact’ and 10 is ‘very positive impact’? ",,,,,,,,,,,,,,,,,,,,,,,,,,,,,,,,,,,,,,,,
Weighted count,"51,637,675","10,742,678","16,313,787","15,944,067","8,637,143","25,497,549","26,140,127",,,,,,,,,,,,,,,,,,,,,,,,,,,,,,,,,
Sample size,"2,010",160,340,720,790,950,"1,060",,,,,,,,,,,,,,,,,,,,,,,,,,,,,,,,,
"In the past month, to what extent have you chosen to use Artificial Intelligence (AI) in your day-to-day life? ",,,,,,,,,,,,,,,,,,,,,,,,,,,,,,,,,,,,,,,,
Weighted count,"51,822,447","10,786,936","16,292,728","15,929,488","8,813,295","25,508,755","26,313,692",,,,,,,,,,,,,,,,,,,,,,,,,,,,,,,,,
Sample size,"2,030",160,340,720,800,960,"1,070",,,,,,,,,,,,,,,,,,,,,,,,,,,,,,,,,
"In the past month, have you used Artificial Intelligence (AI) chatbots? ",,,,,,,,,,,,,,,,,,,,,,,,,,,,,,,,,,,,,,,,
Weighted count,"51,870,552","10,786,936","16,235,835","16,051,664","8,796,117","25,562,876","26,307,675",,,,,,,,,,,,,,,,,,,,,,,,,,,,,,,,,
Sample size,"2,030",160,340,730,800,960,"1,070",,,,,,,,,,,,,,,,,,,,,,,,,,,,,,,,,
"In the past month, what have you used Artificial Intelligence (AI) chatbots for? ",,,,,,,,,,,,,,,,,,,,,,,,,,,,,,,,,,,,,,,,
Weighted count,"17,575,597","4,544,273","7,028,193","5,169,035","834,097","8,986,140","8,589,457",,,,,,,,,,,,,,,,,,,,,,,,,,,,,,,,,
Sample size,480,70,140,200,70,230,250,,,,,,,,,,,,,,,,,,,,,,,,,,,,,,,,,
,,,,,,,,,,,,,,,,,,,,,,,,,,,,,,,,,,,,,,,,
,,,,,,,,,,,,,,,,,,,,,,,,,,,,,,,,,,,,,,,,
,,,,,,,,,,,,,,,,,,,,,,,,,,,,,,,,,,,,,,,,
,,,,,,,,,,,,,,,,,,,,,,,,,,,,,,,,,,,,,,,,
,,,,,,,,,,,,,,,,,,,,,,,,,,,,,,,,,,,,,,,,
,,,,,,,,,,,,,,,,,,,,,,,,,,,,,,,,,,,,,,,,
,,,,,,,,,,,,,,,,,,,,,,,,,,,,,,,,,,,,,,,,
,,,,,,,,,,,,,,,,,,,,,,,,,,,,,,,,,,,,,,,,
,,,,,,,,,,,,,,,,,,,,,,,,,,,,,,,,,,,,,,,,
,,,,,,,,,,,,,,,,,,,,,,,,,,,,,,,,,,,,,,,,
,,,,,,,,,,,,,,,,,,,,,,,,,,,,,,,,,,,,,,,,
,,,,,,,,,,,,,,,,,,,,,,,,,,,,,,,,,,,,,,,,
,,,,,,,,,,,,,,,,,,,,,,,,,,,,,,,,,,,,,,,,
,,,,,,,,,,,,,,,,,,,,,,,,,,,,,,,,,,,,,,,,
,,,,,,,,,,,,,,,,,,,,,,,,,,,,,,,,,,,,,,,,
,,,,,,,,,,,,,,,,,,,,,,,,,,,,,,,,,,,,,,,,
,,,,,,,,,,,,,,,,,,,,,,,,,,,,,,,,,,,,,,,,
,,,,,,,,,,,,,,,,,,,,,,,,,,,,,,,,,,,,,,,,
,,,,,,,,,,,,,,,,,,,,,,,,,,,,,,,,,,,,,,,,
,,,,,,,,,,,,,,,,,,,,,,,,,,,,,,,,,,,,,,,,
,,,,,,,,,,,,,,,,,,,,,,,,,,,,,,,,,,,,,,,,
,,,,,,,,,,,,,,,,,,,,,,,,,,,,,,,,,,,,,,,,
,,,,,,,,,,,,,,,,,,,,,,,,,,,,,,,,,,,,,,,,
,,,,,,,,,,,,,,,,,,,,,,,,,,,,,,,,,,,,,,,,
,,,,,,,,,,,,,,,,,,,,,,,,,,,,,,,,,,,,,,,,
,,,,,,,,,,,,,,,,,,,,,,,,,,,,,,,,,,,,,,,,
,,,,,,,,,,,,,,,,,,,,,,,,,,,,,,,,,,,,,,,,
,,,,,,,,,,,,,,,,,,,,,,,,,,,,,,,,,,,,,,,,
,,,,,,,,,,,,,,,,,,,,,,,,,,,,,,,,,,,,,,,,
,,,,,,,,,,,,,,,,,,,,,,,,,,,,,,,,,,,,,,,,
